{
    "10E": {
        "code": "10E",
        "name": "Tenth Edition",
        "releaseDate": "2007-07-13",
        "type": "core"
    },
    "2ED": {
        "code": "2ED",
        "name": "Unlimited Edition",
        "releaseDate": "1993-12-01",
        "type": "core"
    },
    "3ED": {
        "code": "3ED",
        "name": "Revised Edition",
        "releaseDate": "1994-04-01",
        "type": "core"
    },
    "4ED": {
        "code": "4ED",
        "name": "Fourth Edition",
        "releaseDate": "1995-04-01",
        "type": "core"
    },
    "5DN": {
        "code": "5DN",
        "name": "Fifth Dawn",
        "releaseDate": "2004-06-04",
        "type": "expansion",
        "block": "Mirrodin"
    },
    "5ED": {
        "code": "5ED",
        "name": "Fifth Edition",
        "releaseDate": "1997-03-24",
        "type": "core"
    },
    "6ED": {
        "code": "6ED",
        "name": "Classic Sixth Edition",
        "releaseDate": "1999-04-21",
        "type": "core"
    },
    "7ED": {
        "code": "7ED",
        "name": "Seventh Edition",
        "releaseDate": "2001-04-11",
        "type": "core"
    },
    "8ED": {
        "code": "8ED",
        "name": "Eighth Edition",
        "releaseDate": "2003-07-28",
        "type": "core"
    },
    "9ED": {
        "code": "9ED",
        "name": "Seventh Edition",
        "releaseDate": "2005-07-29",
        "type": "core"
    },
    "ALA": {
        "code": "ALA",
        "name": "Seventh Edition",
        "releaseDate": "2008-10-03",
        "type": "expansion",
        "block": "Alara"
    },
    "ALL": {
        "code": "ALL",
        "name": "Alliances",
        "releaseDate": "1996-06-10",
        "type": "expansion",
        "block": "Ice Age"
    },
    "APC": {
        "code": "APC",
        "name": "Apocalypse",
        "releaseDate": "2001-06-04",
        "type": "expansion",
        "block": "Invasion"
    },
    "ARB": {
        "code": "ARB",
        "name": "Alara Reborn",
        "releaseDate": "2009-04-30",
        "type": "expansion",
        "block": "Alara"
    },
    "ARC": {
        "code": "ARC",
        "name": "Archenemy",
        "releaseDate": "2010-06-18",
        "type": "archenemy"
    },
    "ARN": {
        "code": "ARN",
        "name": "Arabian Nights",
        "releaseDate": "1993-12-01",
        "type": "expansion"
    },
    "ATQ": {
        "code": "ATQ",
        "name": "Antiquities",
        "releaseDate": "1994-03-01",
        "type": "expansion"
    },
    "AVR": {
        "code": "AVR",
        "name": "Avacyn Restored",
        "releaseDate": "2012-05-04",
        "type": "expansion",
        "block": "Innistrad"
    },
    "BNG": {
        "code": "BNG",
        "name": "Born of the Gods",
        "releaseDate": "2014-02-07",
        "type": "expansion",
        "block": "Theros"
    },
    "BOK": {
        "code": "BOK",
        "name": "Betrayers of Kamigawa",
        "releaseDate": "2005-02-04",
        "type": "expansion",
        "block": "Kamigawa"
    },
    "BRB": {
        "code": "BRB",
        "name": "Battle Rayale Box Set",
        "releaseDate": "1999-11-12",
        "type": "expansion",
        "block": "Theros"
    },
    "BTD": {
        "code": "BTD",
        "name": "Beatdown Box Set",
        "releaseDate": "2000-10-01",
        "type": "box"
    },
    "C13": {
        "code": "C13",
        "name": "Commander 2013 Edition",
        "releaseDate": "2013-11-01",
        "type": "commander"
    },
    "CHK": {
        "code": "CHK",
        "name": "Champions of Kamigawa",
        "releaseDate": "2004-10-01",
        "type": "expansion",
        "block": "Kamigawa"
    },
    "CHR": {
        "code": "CHR",
        "name": "Chronicles",
        "releaseDate": "1995-07-01",
        "type": "reprint"
    },
    "CMA": {
        "code": "CMA",
        "name": "Commander's Arsenal",
        "releaseDate": "2012-11-02",
        "type": "commander"
    },
    "CMD": {
        "code": "CMD",
        "name": "Commander",
        "releaseDate": "2011-06-17",
        "type": "commander"
    },
    "CON": {
        "code": "CON",
        "name": "Conflux",
        "releaseDate": "2009-02-06",
        "type": "expansion",
        "block": "Alara"
    },
    "CSP": {
        "code": "CSP",
        "name": "Coldsnap",
        "releaseDate": "2006-07-21",
        "type": "expansion",
        "block": "Ice Age"
    },
    "DD2": {
        "code": "DD2",
        "name": "Duel Decks: Jace vs. Chandra",
        "releaseDate": "2008-11-07",
        "type": "duel deck"
    },
    "DDC": {
        "code": "DDC",
        "name": "Duel Decks: Divine vs. Demonic",
        "releaseDate": "2009-04-10",
        "type": "duel deck"
    },
    "DDD": {
        "code": "DDD",
        "name": "Duel Decks: Garruk vs. Liliana",
        "releaseDate": "2009-10-30",
        "type": "duel deck"
    },
    "DDE": {
        "code": "DDE",
        "name": "Duel Decks: Phyrexia vs. the Coalition",
        "releaseDate": "2010-03-19",
        "type": "duel deck"
    },
    "DDF": {
        "code": "DDF",
        "name": "Duel Decks: Elspeth vs. Tezzeret",
        "releaseDate": "2010-09-03",
        "type": "duel deck"
    },
    "DDG": {
        "code": "DDG",
        "name": "Duel Decks: Knights vs. Dragons",
        "releaseDate": "2011-04-01",
        "type": "duel deck"
    },
    "DDH": {
        "code": "DDH",
        "name": "Duel Decks: Ajani vs. Nicol Bolas",
        "releaseDate": "2011-09-02",
        "type": "duel deck"
    },
    "DDI": {
        "code": "DDI",
        "name": "Duel Decks: Venser vs. Koth",
        "releaseDate": "2012-03-30",
        "type": "duel deck"
    },
    "DDJ": {
        "code": "DDJ",
        "name": "Duel Decks: Izzet vs. Golgari",
        "releaseDate": "2012-09-07",
        "type": "duel deck"
    },
    "DDK": {
        "code": "DDK",
        "name": "Duel Decks: Sorin vs. Tibalt",
        "releaseDate": "2013-03-15",
        "type": "duel deck"
    },
    "DDL": {
        "code": "DDL",
        "name": "Duel Decks: Heroes vs. Monsters",
        "releaseDate": "2013-09-06",
        "type": "duel deck"
    },
    "DGM": {
        "code": "DGM",
        "name": "Dragon's Maze",
        "releaseDate": "2013-05-03",
        "type": "expansion",
        "block": "Return to Ravnica"
    },
    "DIS": {
        "code": "DIS",
        "name": "Dissension",
        "releaseDate": "2006-05-05",
        "type": "expansion",
        "block": "Ravnica"
    },
    "DKA": {
        "code": "DKA",
        "name": "Dark Ascension",
        "releaseDate": "2012-02-03",
        "type": "expansion",
        "block": "Innistrad"
    },
    "DRB": {
        "code": "DRB",
        "name": "From the Vault: Dragons",
        "releaseDate": "2008-08-29",
        "type": "from the vault"
    },
    "DRK": {
        "code": "DRK",
        "name": "The Dark",
        "releaseDate": "1994-08-01",
        "type": "expansion"
    },
    "DST": {
        "code": "DST",
        "name": "Darksteel",
        "releaseDate": "2004-02-06",
        "type": "expansion",
        "block": "Mirrodin"
    },
    "EVE": {
        "code": "EVE",
        "name": "Eventide",
        "releaseDate": "2008-07-25",
        "type": "expansion",
        "block": "Shadowmoor"
    },
    "EVG": {
        "code": "EVG",
        "name": "Duel Decks: Elves vs. Goblins",
        "releaseDate": "2007-11-16",
        "type": "duel deck"
    },
    "EXO": {
        "code": "EXO",
        "name": "Exodus",
        "releaseDate": "1998-06-15",
        "type": "expansion",
        "block": "Tempest"
    },
    "FEM": {
        "code": "FEM",
        "name": "Fallen Empires",
        "releaseDate": "1994-11-01",
        "type": "expansion"
    },
    "FEM": {
        "code": "FEM",
        "name": "Fallen Empires",
        "releaseDate": "1994-11-01",
        "type": "expansion"
    },
    "FUT": {
        "code": "FUT",
        "name": "Future Sight",
        "releaseDate": "2007-05-04",
        "type": "expansion",
        "block": "Time Spiral"
    },
    "GPT": {
        "code": "GPT",
        "name": "Guildpact",
        "releaseDate": "2006-02-03",
        "type": "expansion",
        "block": "Ravnica"
    },
    "GTC": {
        "code": "GTC",
        "name": "Gatecrash",
        "releaseDate": "2013-02-01",
        "type": "expansion",
        "block": "Return to Ravnica"
    },
    "HML": {
        "code": "HML",
        "name": "Homelands",
        "releaseDate": "1995-10-01",
        "type": "expansion"
    },
    "HOP": {
        "code": "HOP",
        "name": "Planechase",
        "releaseDate": "2009-09-04",
        "type": "planechase"
    },
    "ICE": {
        "code": "ICE",
        "name": "Ice Age",
        "releaseDate": "1995-06-01",
        "type": "expansion",
        "block": "Ice Age"
    },
    "INV": {
        "code": "INV",
        "name": "Invasion",
        "releaseDate": "2000-10-02",
        "type": "expansion",
        "block": "Invasion"
    },
    "ISD": {
        "code": "ISD",
        "name": "Innistrad",
        "releaseDate": "2011-09-30",
        "type": "expansion",
        "block": "Innistrad"
    },
    "JUD": {
        "code": "JUD",
        "name": "Judgment",
        "releaseDate": "2002-05-27",
        "type": "expansion",
        "block": "Odyssey"
    },
    "LEA": {
        "code": "LEA",
        "name": "Limited Edition Alpha",
        "releaseDate": "1993-08-05",
        "type": "core"
    },
    "LEB": {
        "code": "LEB",
        "name": "Limited Edition Beta",
        "releaseDate": "1993-10-01",
        "type": "core"
    },
    "LEG": {
        "code": "LEG",
        "name": "Legends",
        "releaseDate": "1994-06-01",
        "type": "expansion"
    },
    "LGN": {
        "code": "LGN",
        "name": "Legions",
        "releaseDate": "2003-02-03",
        "type": "expansion",
        "block": "Onslaught"
    },
    "LRW": {
        "code": "LRW",
        "name": "Lorwyn",
        "releaseDate": "2007-10-12",
        "type": "expansion",
        "block": "Lorwyn"
    },
    "M10": {
        "code": "M10",
        "name": "Magic 2010",
        "releaseDate": "2009-07-17",
        "type": "core"
    },
    "M11": {
        "code": "M11",
        "name": "Magic 2011",
        "releaseDate": "2010-07-16",
        "type": "core"
    },
    "M12": {
        "code": "M12",
        "name": "Magic 2012",
        "releaseDate": "2011-07-15",
        "type": "core"
    },
    "M13": {
        "code": "M13",
        "name": "Magic 2013",
        "releaseDate": "2012-07-13",
        "type": "core"
    },
    "M14": {
        "code": "M14",
        "name": "Magic 2014",
        "releaseDate": "2013-07-19",
        "type": "core"
    },
    "MBS": {
        "code": "MBS",
        "name": "Mirrodin Besieged",
        "releaseDate": "2011-02-04",
        "type": "expansion",
        "block": "Scars of Mirrodin"
    },
    "ME2": {
        "code": "ME2",
        "name": "Masters Edition II",
        "releaseDate": "2008-09-22",
        "type": "masters"
    },
    "ME3": {
        "code": "ME3",
        "name": "Masters Edition III",
        "releaseDate": "2009-09-07",
        "type": "masters"
    },
    "ME4": {
        "code": "ME4",
        "name": "Masters Edition IV",
        "releaseDate": "2011-01-10",
        "type": "masters"
    },
    "MED": {
        "code": "MED",
        "name": "Masters Edition",
        "releaseDate": "2007-09-10",
        "type": "masters"
    },
    "MIR": {
        "code": "MIR",
        "name": "Mirage",
        "releaseDate": "1996-10-08",
        "type": "expansion",
        "block": "Mirage"
    },
    "MMA": {
        "code": "MMA",
        "name": "Modern Masters",
        "releaseDate": "2013-06-07",
        "type": "reprint"
    },
    "MMQ": {
        "code": "MMQ",
        "name": "Mercadian Masques",
        "releaseDate": "1999-10-04",
        "type": "expansion",
        "block": "Masques"
    },
    "MOR": {
        "code": "MOR",
        "name": "Morningtide",
        "releaseDate": "2008-02-01",
        "type": "expansion",
        "block": "Lorwyn"
    },
    "MRD": {
        "code": "MRD",
        "name": "Mirrodin",
        "releaseDate": "2003-10-02",
        "type": "expansion",
        "block": "Mirrodin"
    },
    "NMS": {
        "code": "NMS",
        "name": "Nemesis",
        "releaseDate": "2000-02-14",
        "type": "expansion",
        "block": "Masques"
    },
    "NPH": {
        "code": "NPH",
        "name": "New Phyrexia",
        "releaseDate": "2011-05-13",
        "type": "expansion",
        "block": "Scars of Mirrodin"
    },
    "ODY": {
        "code": "ODY",
        "name": "Odyssey",
        "releaseDate": "2001-10-01",
        "type": "expansion",
        "block": "Odyssey"
    },
    "ONS": {
        "code": "ONS",
        "name": "Onslaught",
        "releaseDate": "2002-10-07",
        "type": "expansion",
        "block": "Onslaught"
    },
    "PC2": {
        "code": "PC2",
        "name": "Planechase 2012 Edition",
        "releaseDate": "2012-06-01",
        "type": "planechase"
    },
    "PCY": {
        "code": "PCY",
        "name": "Prophecy",
        "releaseDate": "2000-06-05",
        "type": "expansion",
        "block": "Masques"
    },
    "PD2": {
        "code": "PD2",
        "name": "Premium Deck Series: Fire & Lightning",
        "releaseDate": "2010-11-19",
        "type": "premium deck"
    },
    "PD3": {
        "code": "PD3",
        "name": "Premium Deck Series: Graveborn",
        "releaseDate": "2011-11-18",
        "type": "premium deck"
    },
    "PLC": {
        "code": "PLC",
        "name": "Planar Chaos",
        "releaseDate": "2007-02-02",
        "type": "expansion",
        "block": "Time Spiral"
    },
    "PLS": {
        "code": "PLS",
        "name": "Planeshift",
        "releaseDate": "2001-02-05",
        "type": "expansion",
        "block": "Invasion"
    },
    "PO2": {
        "code": "PO2",
        "name": "Portal Second Age",
        "releaseDate": "1998-06-01",
        "type": "starter"
    },
    "POR": {
        "code": "POR",
        "name": "Portal",
        "releaseDate": "1997-05-01",
        "type": "starter"
    },
    "PPR": {
        "code": "PPR",
        "name": "Promo set for Gatherer",
        "releaseDate": "1994-07-01",
        "type": "promo"
    },
    "PTK": {
        "code": "PTK",
        "name": "Portal Three Kingdoms",
        "releaseDate": "1999-05-01",
        "type": "starter"
    },
    "RAV": {
        "code": "RAV",
        "name": "Ravnica: City of Guilds",
        "releaseDate": "2005-10-07",
        "type": "expansion",
        "block": "Ravnica"
    },
    "ROE": {
        "code": "ROE",
        "name": "Rise of the Eldrazi",
        "releaseDate": "2010-04-23",
        "type": "expansion",
        "block": "Zendikar"
    },
    "RTR": {
        "code": "RTR",
        "name": "Return to Ravnica",
        "releaseDate": "2012-10-05",
        "type": "expansion",
        "block": "Return to Ravnica"
    },
    "S00": {
        "code": "S00",
        "name": "Starter 2000",
        "releaseDate": "2000-04-01",
        "type": "starter"
    },
    "S99": {
        "code": "S99",
        "name": "Starter 1999",
        "releaseDate": "1999-07-01",
        "type": "starter"
    },
    "SCG": {
        "code": "SCG",
        "name": "Scourge",
        "releaseDate": "2003-05-26",
        "type": "expansion",
        "block": "Onslaught"
    },
    "SHM": {
        "code": "SHM",
        "name": "Shadowmoor",
        "releaseDate": "2008-05-02",
        "type": "expansion",
        "block": "Shadowmoor"
    },
    "SOK": {
        "code": "SOK",
        "name": "Saviors of Kamigawa",
        "releaseDate": "2005-06-03",
        "type": "expansion",
        "block": "Kamigawa"
    },
    "SOM": {
        "code": "SOM",
        "name": "Scars of Mirrodin",
        "releaseDate": "2010-10-01",
        "type": "expansion",
        "block": "Scars of Mirrodin"
    },
    "STH": {
        "code": "STH",
        "name": "Stronghold",
        "releaseDate": "1998-03-02",
        "type": "expansion",
        "block": "Tempest"
    },
    "THS": {
        "code": "THS",
        "name": "Theros",
        "releaseDate": "2013-09-27",
        "type": "expansion",
        "block": "Theros"
    },
    "TMP": {
        "code": "TMP",
        "name": "Tempest",
        "releaseDate": "1997-10-14",
        "type": "expansion",
        "block": "Tempest"
    },
    "TOR": {
        "code": "TOR",
        "name": "Torment",
        "releaseDate": "2002-02-04",
        "type": "expansion",
        "block": "Odyssey"
    },
    "TSB": {
        "code": "TSB",
        "name": "Time Spiral \"Timeshifted\"",
        "releaseDate": "2006-10-06",
        "type": "expansion",
        "block": "Time Spiral"
    },
    "TSP": {
        "code": "TSP",
        "name": "Time Spiral",
        "releaseDate": "2006-10-06",
        "type": "expansion",
        "block": "Time Spiral"
    },
    "UDS": {
        "code": "UDS",
        "name": "Urza's Destiny",
        "releaseDate": "1999-06-07",
        "type": "expansion",
        "block": "Urza's"
    },
    "UGL": {
        "code": "UGL",
        "name": "Unglued",
        "releaseDate": "1998-08-11",
        "type": "un"
    },
    "ULG": {
        "code": "ULG",
        "name": "Urza's Legacy",
        "releaseDate": "1999-02-15",
        "type": "expansion",
        "block": "Urza's"
    },
    "UNH": {
        "code": "UNH",
        "name": "Unhinged",
        "releaseDate": "2004-11-20",
        "type": "un"
    },
    "USG": {
        "code": "USG",
        "name": "Urza's Saga",
        "releaseDate": "1998-10-12",
        "type": "expansion",
        "block": "Urza's"
    },
    "V09": {
        "code": "V09",
        "name": "From the Vault: Exiled",
        "releaseDate": "2009-08-28",
        "type": "from the vault"
    },
    "V10": {
        "code": "V10",
        "name": "From the Vault: Relics",
        "releaseDate": "2010-08-27",
        "type": "from the vault"
    },
    "V11": {
        "code": "V11",
        "name": "From the Vault: Legends",
        "releaseDate": "2011-08-26",
        "type": "from the vault"
    },
    "V12": {
        "code": "V12",
        "name": "From the Vault: Realms",
        "releaseDate": "2012-08-31",
        "type": "from the vault"
    },
    "V13": {
        "code": "V13",
        "name": "From the Vault: Twenty",
        "releaseDate": "2013-08-23",
        "type": "from the vault"
    },
    "VAN": {
        "code": "VAN",
        "name": "Vanguard",
        "releaseDate": "1997-05-01",
        "type": "vanguard"
    },
    "VIS": {
        "code": "VIS",
        "name": "Visions",
        "releaseDate": "1997-02-03",
        "type": "expansion",
        "block": "Mirage"
    },
    "WTH": {
        "code": "WTH",
        "name": "Weatherlight",
        "releaseDate": "1997-06-09",
        "type": "expansion",
        "block": "Mirage"
    },
    "WWK": {
        "code": "WWK",
        "name": "Worldwake",
        "releaseDate": "2010-02-05",
        "type": "expansion",
        "block": "Zendikar"
    },
    "ZEN": {
        "code": "ZEN",
        "name": "Worldwake",
        "releaseDate": "2009-10-02",
        "type": "expansion",
        "block": "Zendikar"
    }
}